author_id,author_name,post_id,title,upvotes,upvote_ratio,num_comments,url,post_date
"5q3l5lls","fuckt_by_god","1j0z0sl","I'm salty about this, so many games could have been amazing with a nemesis system","27537","0.94","646","https://preview.redd.it/0qhlkiv4u2me1.jpeg?auto=webp&s=cde9635cc492220b4503ad5f3806fbd4aed17777","1740834296"
"g0wgmyff","Thanos_6point0","1j11frn","Those kinds of people...","12665","0.97","206","https://preview.redd.it/stgfxq9mf3me1.jpeg?auto=webp&s=99981506c0fe1cab54742a4bf9844b04b2e349df","1740841522"
"2q7cpei4","GtaBestPlayer","1j16g1a","That is weird","9024","0.97","44","https://preview.redd.it/qfymsiwwh4me1.gif?format=png8&s=501415c88c7ae9e86958aa8a7ff0bd97d2f42e4e","1740854400"
"ac7guzdc","Realistic-Flatworm29","1j0zitm","I am different man everywhere","8359","0.99","29","https://preview.redd.it/b2oyvofwy2me1.jpeg?auto=webp&s=a5abe72a52ba9b445427ebe2f114cb26fd0d3ce9","1740835900"
"1n9ecewg","CaptianBrasiliano","1j0yylh","Each time...","7274","0.99","9","https://preview.redd.it/hmquggkit2me1.jpeg?auto=webp&s=289032ac4117a56e8ce5a7bbe675e6943fc09fde","1740834088"
"d86xd","spaham","1j17zbz","Let's try !","3753","0.91","69","https://preview.redd.it/ywbvzcept4me1.png?auto=webp&s=8e2b6512c7526a9a1648b077a637fe3da7879240","1740858373"
"bmkgtws6","atomicgamer012","1j0w2fk","Especially the Tokyo ghoul fans","3115","0.98","36","https://preview.redd.it/3x0yv8ikv1me1.jpeg?auto=webp&s=d99a4d7071a9f0f3bed65c8c4eb0a18f33ec6081","1740822673"
"f2l95j9j","AgitatedFeed3035","1j11fqs","What will they pick...","3016","0.97","124","https://preview.redd.it/gf4yf4llf3me1.png?auto=webp&s=97b9b2f592895f5e5d991a1bbedb89640f375d3e","1740841520"
"hzr6qifd9","TheSportsLorry","1j1itjw","Reddit do be dumb","3023","0.97","24","https://preview.redd.it/bo2mai30h7me1.png?auto=webp&s=415790925cfe1ed304c47c908088be597b5d9f84","1740890420"
"166y1a5pvk","LAWDASURS","1j0vibt","Justice for browny","1948","0.97","23","https://preview.redd.it/gbsae4oco1me1.png?auto=webp&s=6205c3cf6cf43f1d64fc4f8d758196618c7e2099","1740820246"
"7jn37525","Fantastic_Ad1520","1j141jl","Iâ€™m guilty of thisðŸ˜…","1766","0.99","19","https://preview.redd.it/wpaebk6wz3me1.jpeg?auto=webp&s=57e027cda9ca2f23737996243e3ba8fc652ba8dc","1740848339"
"13gc9qrqct","ProbablyNotDream","1j1fsgx","Shrimp fried rice is a lie","2067","0.99","5","https://preview.redd.it/4pk4zs91n6me1.jpeg?auto=webp&s=fdd48c2528cc9f38de4647b841b61873837e487b","1740880336"
"a19zhkhn","Lockeisms","1j1i6oh","Itâ€™s John Cena","1886","0.98","10","https://preview.redd.it/b4hyn2xda7me1.jpeg?auto=webp&s=9a305efba0bf986cc90bee5689ce4f5818123f3c","1740888189"
"9rdx1utj","Zer0W0lfe","1j0vafu","Itâ€™s only fair","886","0.95","53","https://preview.redd.it/ecvn577il1me1.jpeg?auto=webp&s=6aced9929634ed1f9da3b8994a6dbd18ab9e19be","1740819287"
"2xdm5py5","rapidpalsy","1j1c4gc","Remember when","843","0.98","35","https://preview.redd.it/aruhvpfvq5me1.jpeg?auto=webp&s=53891ab63d75253a427beed6133248afc326e431","1740869520"
"1mtmf59e","MahmoudAO","1j0zndm","The remaining hope","771","0.84","61","https://preview.redd.it/mnhlkza303me1.jpeg?auto=webp&s=52ee1c9d08248adcb0164e4ae170480b82393225","1740836299"
"do276rcxt","prnce007_new","1j13pqo","Ruins the whole purpose of sarcasm","726","0.72","256","https://preview.redd.it/3koxzcbex3me1.jpeg?auto=webp&s=41c01272349797b4399c5c231683dc3313954507","1740847501"
"83w5kwlv","joe________________","1j1g3ep","We're cooked","725","0.98","47","https://preview.redd.it/kl184m8xp6me1.jpeg?auto=webp&s=bf7f947f94b06f4c9060e74c9c1e402d20895917","1740881307"
"1e3qiul9pb","Polarity68","1j1cw47","real honestly","509","0.9","37","https://preview.redd.it/8mqfe9z8x5me1.jpeg?auto=webp&s=748c16f869f2a5d2cc9fba4bf9ec79ccb01b57c1","1740871672"
"cxpnh0qq8","Same_Investigator_46","1j0xgyb","Classic reddit glitch is back","451","0.91","25","https://preview.redd.it/cu3t7t00d2me1.jpeg?auto=webp&s=f81368d5da2422c0fc86b2856537585d778d1617","1740828535"